0,Al Fe O3_Pc21n,Orthorhombic,8.566,9.249,4.989,90.00,90.00,90.00
1,1,0,0.0,13.0
0,2,0,0.0,5.0
1,0,1,0.0,3.0
1,1,1,0.0,8.0
2,0,1,0.0,5.0
2,2,0,0.0,30.0
2,1,1,0.0,6.0
1,3,0,0.0,35.0
3,1,0,0.0,5.0
2,2,1,0.0,100.0
1,3,1,0.0,20.0
0,0,2,0.0,17.0
3,0,1,0.0,9.0
0,1,2,0.0,13.0
3,1,1,0.0,25.0
1,1,2,0.0,4.0
0,4,0,0.0,2.0
2,3,1,0.0,11.0
0,2,2,0.0,15.0
3,2,1,0.0,30.0
4,0,0,0.0,4.0
1,2,2,0.0,14.000000000000002
2,1,2,0.0,3.0
2,4,0,0.0,2.0
4,0,1,0.0,6.0
0,3,2,0.0,15.0
3,3,1,0.0,17.0
1,3,2,0.0,8.0
3,0,2,0.0,3.0
1,5,0,0.0,6.0
2,3,2,0.0,4.0
0,4,2,0.0,12.0
3,4,1,0.0,16.0
4,0,2,0.0,2.0
3,5,0,0.0,2.0
1,2,3,0.0,8.0
5,2,1,0.0,4.0
5,3,0,0.0,14.000000000000002
0,5,2,0.0,18.0
3,5,1,0.0,40.0
3,4,2,0.0,1.0
3,0,3,0.0,30.0
6,0,0,0.0,10.0
2,6,1,0.0,5.0
2,3,3,0.0,11.0
3,2,3,0.0,3.0
5,2,2,0.0,10.0
1,7,0,0.0,3.0
1,6,2,0.0,1.0
5,3,2,0.0,4.0
1,7,1,0.0,4.0
0,1,4,0.0,3.0#
1,Al2 O3_R-3c,Rhombohedral,4.761,4.761,12.999,90.00,90.00,120.00
0,1,2,0.0,65.76576576576578
1,0,4,0.0,100.0
1,1,0,0.0,46.146146146146144
0,0,6,0.0,0.40040040040040037
1,1,3,0.0,95.5955955955956
2,0,2,0.0,1.5015015015015014
0,2,4,0.0,44.54454454454454
1,1,6,0.0,87.78778778778779
2,1,1,0.0,2.1021021021021022
1,2,2,0.0,3.203203203203203
0,1,8,0.0,6.306306306306306
2,1,4,0.0,31.131131131131127
3,0,0,0.0,47.847847847847845
1,2,5,0.0,0.9009009009009009
2,0,8,0.0,1.1011011011011012
1,0,10,0.0,12.812812812812812
1,1,9,0.0,7.007007007007007
2,1,7,0.0,0.6006006006006006
2,2,0,0.0,4.704704704704705
0,3,6,0.0,0.5005005005005005
2,2,3,0.0,3.903903903903904
1,3,1,0.0,0.20020020020020018
3,1,2,0.0,2.8028028028028027
1,2,8,0.0,2.1021021021021022
0,2,10,0.0,5.205205205205205
0,0,12,0.0,1.3013013013013013
1,3,4,0.0,5.905905905905906
3,1,5,0.0,0.3003003003003003
2,2,6,0.0,11.511511511511511
0,4,2,0.0,1.4014014014014013
2,1,10,0.0,8.008008008008009
1,1,12,0.0,0.20020020020020018
4,0,4,0.0,1.4014014014014013
1,3,7,0.0,0.10010010010010009
3,2,1,0.0,0.3003003003003003
1,2,11,0.0,0.20020020020020018
3,1,8,0.0,2.002002002002002
2,2,9,0.0,1.5015015015015014
3,2,4,0.0,6.606606606606606
0,1,14,0.0,2.4024024024024024
4,1,0,0.0,3.7037037037037033
2,3,5,0.0,0.20020020020020018
4,1,3,0.0,2.2022022022022023
0,4,8,0.0,1.3013013013013013
1,3,10,0.0,7.107107107107106
0,3,12,0.0,2.902902902902903
2,0,14,0.0,2.7027027027027026
3,2,7,0.0,0.20020020020020018
2,1,13,0.0,0.10010010010010009
1,4,6,0.0,10.31031031031031
3,1,11,0.0,0.10010010010010009
2,3,8,0.0,0.3003003003003003
1,1,15,0.0,1.3013013013013013
4,0,10,0.0,3.903903903903904
2,2,12,0.0,0.10010010010010009
0,5,4,0.0,2.6026026026026026
1,2,14,0.0,4.3043043043043046#
2,Fe3 O4_F-43m,Cubic,8.399,8.399,8.399,90.00,90.00,90.00
1,1,1,0.0,8.508508508508509
2,0,0,0.0,0.10010010010010009
2,2,0,0.0,28.72872872872873
3,1,1,0.0,100.0
2,2,2,0.0,7.807807807807808
4,0,0,0.0,20.42042042042042
3,3,1,0.0,0.6006006006006006
4,2,0,0.0,0.10010010010010009
4,2,2,0.0,8.90890890890891
5,1,1,0.0,28.428428428428425
4,4,0,0.0,37.93793793793794
5,3,1,0.0,0.8008008008008007
6,0,0,0.0,0.10010010010010009
6,2,0,0.0,2.902902902902903
5,3,3,0.0,7.107107107107106
6,2,2,0.0,3.1031031031031033
4,4,4,0.0,2.2022022022022023
5,5,1,0.0,0.40040040040040037
6,4,0,0.0,0.10010010010010009
6,4,2,0.0,3.003003003003003
7,3,1,0.0,10.61061061061061
8,0,0,0.0,3.903903903903904
7,3,3,0.0,0.10010010010010009
8,2,0,0.0,0.10010010010010009
8,2,2,0.0,1.4014014014014013
7,5,1,0.0,5.7057057057057055
6,6,2,0.0,1.2012012012012012
8,4,0,0.0,2.3023023023023024
9,1,1,0.0,0.20020020020020018
8,4,2,0.0,0.10010010010010009
6,6,4,0.0,0.7007007007007007
9,3,1,0.0,4.2042042042042045
8,4,4,0.0,9.00900900900901
7,7,1,0.0,0.10010010010010009
10,0,0,0.0,0.10010010010010009
10,2,0,0.0,1.9019019019019021
9,5,1,0.0,5.905905905905906
10,2,2,0.0,1.3013013013013013#
3,Li Al O2_P41212,Tetragonal,5.169,5.169,6.268,90.00,90.00,90.00
1,0,1,0.0,100.0
1,1,0,0.0,13.313313313313312
1,1,1,0.0,23.323323323323322
1,0,2,0.0,68.06806806806807
2,0,0,0.0,74.17417417417418
2,0,1,0.0,2.7027027027027026
2,1,0,0.0,0.40040040040040037
2,1,1,0.0,9.30930930930931
2,0,2,0.0,0.10010010010010009
1,0,3,0.0,1.8018018018018018
2,1,2,0.0,16.616616616616618
2,2,0,0.0,7.707707707707708
1,1,3,0.0,8.308308308308309
2,2,1,0.0,0.10010010010010009
3,0,1,0.0,2.1021021021021022
3,1,0,0.0,8.80880880880881
2,0,3,0.0,4.2042042042042045
3,1,1,0.0,8.80880880880881
2,2,2,0.0,2.2022022022022023
0,0,4,0.0,12.412412412412413
2,1,3,0.0,0.7007007007007007
3,0,2,0.0,37.43743743743744
3,1,2,0.0,0.10010010010010009
1,1,4,0.0,0.9009009009009009
3,2,0,0.0,0.10010010010010009
3,2,1,0.0,4.2042042042042045
2,2,3,0.0,0.9009009009009009
2,0,4,0.0,9.80980980980981
3,0,3,0.0,0.3003003003003003
3,2,2,0.0,16.516516516516518
2,1,4,0.0,1.8018018018018018
4,0,0,0.0,0.5005005005005005
3,1,3,0.0,7.907907907907907
4,0,1,0.0,1.3013013013013013
4,1,0,0.0,0.7007007007007007
4,1,1,0.0,3.203203203203203
1,0,5,0.0,9.90990990990991
3,3,0,0.0,9.90990990990991
3,3,1,0.0,0.6006006006006006
2,2,4,0.0,2.1021021021021022
1,1,5,0.0,0.3003003003003003
3,2,3,0.0,1.001001001001001
4,1,2,0.0,0.10010010010010009
3,0,4,0.0,0.10010010010010009
4,2,0,0.0,0.3003003003003003
4,2,1,0.0,1.2012012012012012
3,1,4,0.0,3.5035035035035036
2,0,5,0.0,0.10010010010010009
2,1,5,0.0,2.002002002002002
4,0,3,0.0,1.8018018018018018
4,2,2,0.0,1.2012012012012012
4,1,3,0.0,1.2012012012012012
3,2,4,0.0,0.10010010010010009
3,3,3,0.0,0.6006006006006006
2,2,5,0.0,0.10010010010010009
4,3,0,0.0,0.10010010010010009
1,0,6,0.0,1.3013013013013013
5,0,1,0.0,2.4024024024024024
3,0,5,0.0,1.1011011011011012
5,1,0,0.0,1.1011011011011012
4,2,3,0.0,1.1011011011011012
1,1,6,0.0,0.6006006006006006
5,1,1,0.0,0.3003003003003003
4,0,4,0.0,0.20020020020020018
3,1,5,0.0,0.5005005005005005
5,0,2,0.0,3.8038038038038042
4,1,4,0.0,1.1011011011011012
2,0,6,0.0,0.10010010010010009
5,1,2,0.0,0.8008008008008007
3,3,4,0.0,4.604604604604605
5,2,0,0.0,0.6006006006006006
2,1,6,0.0,0.9009009009009009
5,2,1,0.0,0.20020020020020018
3,2,5,0.0,1.8018018018018018
4,2,4,0.0,0.3003003003003003
4,3,3,0.0,0.9009009009009009
5,2,2,0.0,2.2022022022022023
4,4,0,0.0,0.10010010010010009
5,1,3,0.0,0.6006006006006006
2,2,6,0.0,0.5005005005005005
4,4,1,0.0,0.6006006006006006
4,0,5,0.0,0.20020020020020018
3,0,6,0.0,4.2042042042042045
4,1,5,0.0,3.8038038038038042
5,3,0,0.0,3.8038038038038042
1,0,7,0.0,0.10010010010010009
3,1,6,0.0,0.10010010010010009
4,4,2,0.0,0.5005005005005005
5,3,1,0.0,0.5005005005005005
3,3,5,0.0,0.10010010010010009
5,2,3,0.0,0.10010010010010009
1,1,7,0.0,0.7007007007007007
4,3,4,0.0,0.20020020020020018
6,0,0,0.0,1.5015015015015014
5,3,2,0.0,0.3003003003003003
6,0,1,0.0,0.3003003003003003
5,1,4,0.0,1.1011011011011012
4,2,5,0.0,0.5005005005005005
6,1,0,0.0,0.5005005005005005
2,0,7,0.0,1.001001001001001
3,2,6,0.0,3.203203203203203
6,1,1,0.0,2.2022022022022023
4,4,3,0.0,0.5005005005005005
2,1,7,0.0,0.10010010010010009
6,0,2,0.0,0.10010010010010009
6,1,2,0.0,0.9009009009009009
5,2,4,0.0,0.9009009009009009
6,2,0,0.0,1.3013013013013013
5,3,3,0.0,0.3003003003003003
4,0,6,0.0,0.20020020020020018
6,2,1,0.0,1.3013013013013013
5,4,0,0.0,0.40040040040040037
2,2,7,0.0,0.6006006006006006
4,1,6,0.0,0.10010010010010009
5,4,1,0.0,0.5005005005005005
4,3,5,0.0,2.6026026026026026#
4,Fe2 O3_R-3,Rhombohedral,5.033,5.033,13.740,90.00,90.00,120.00
0,0,3,0.0,0.10010010010010009
1,0,1,0.0,0.10010010010010009
0,1,2,0.0,33.433433433433436
1,0,4,0.0,100.0
1,1,0,0.0,73.87387387387388
0,0,6,0.0,2.1021021021021022
1,1,-3,0.0,19.41941941941942
2,0,2,0.0,1.7017017017017018
0,2,4,0.0,34.73473473473474
1,1,-6,0.0,41.14114114114114
1,2,-1,0.0,0.6006006006006006
1,2,2,0.0,2.3023023023023024
0,1,8,0.0,7.307307307307307
1,2,-4,0.0,25.625625625625624
3,0,0,0.0,24.424424424424423
2,1,-5,0.0,0.3003003003003003
2,0,8,0.0,2.1021021021021022
1,0,10,0.0,8.408408408408409
1,1,-9,0.0,1.6016016016016015
1,2,-7,0.0,0.3003003003003003
2,2,0,0.0,5.005005005005005
0,3,6,0.0,1.9019019019019021
2,2,-3,0.0,0.8008008008008007
1,3,1,0.0,0.10010010010010009
1,3,-2,0.0,1.5015015015015014
2,1,-8,0.0,2.8028028028028027
0,2,10,0.0,3.8038038038038042
0,0,12,0.0,0.20020020020020018
3,1,-4,0.0,5.505505505505505
2,2,-6,0.0,5.205205205205205
0,4,2,0.0,0.6006006006006006
1,2,-10,0.0,5.205205205205205
1,1,-12,0.0,0.3003003003003003
4,0,4,0.0,1.5015015015015014
3,1,-7,0.0,0.10010010010010009
2,3,-1,0.0,0.10010010010010009
2,1,-11,0.0,0.10010010010010009
1,3,-8,0.0,1.8018018018018018
2,2,-9,0.0,0.3003003003003003
2,3,-4,0.0,4.1041041041041035
0,1,14,0.0,1.9019019019019021
1,4,0,0.0,3.203203203203203
3,2,-5,0.0,0.10010010010010009
1,4,3,0.0,0.40040040040040037
0,4,8,0.0,0.9009009009009009
3,1,-10,0.0,3.8038038038038042
0,3,12,0.0,0.20020020020020018
2,0,14,0.0,1.9019019019019021
2,3,-7,0.0,0.10010010010010009
1,2,-13,0.0,0.10010010010010009
1,4,-6,0.0,4.2042042042042045
1,3,-11,0.0,0.10010010010010009
3,2,-8,0.0,0.6006006006006006
1,1,-15,0.0,0.20020020020020018
4,0,10,0.0,1.9019019019019021
2,2,-12,0.0,0.20020020020020018
0,5,4,0.0,1.5015015015015014
2,1,-14,0.0,3.1031031031031033
3,3,0,0.0,2.2022022022022023
3,3,-3,0.0,0.10010010010010009
2,4,1,0.0,0.10010010010010009
2,4,-2,0.0,0.20020020020020018
2,3,-10,0.0,2.1021021021021022
1,4,-9,0.0,0.3003003003003003
4,2,-4,0.0,2.2022022022022023
0,2,16,0.0,0.40040040040040037#
5,Li2 Fe3 O5_P1,Cubic,8.370,8.370,8.370,90.00,90.00,90.00
1,1,1,0.0,1.0
2,2,0,0.0,8.0
3,1,1,0.0,22.0
2,2,2,0.0,32.0
4,0,0,0.0,100.0
4,2,2,0.0,3.0
5,1,1,0.0,5.0
4,4,0,0.0,46.0
5,3,3,0.0,1.0
6,2,2,0.0,11.0
4,4,4,0.0,11.0
8,0,0,0.0,4.0
6,6,2,0.0,3.0
9,0,0,0.0,11.0
9,4,0,0.0,7.000000000000001#
6,Fe2 O3_Ia-3,Cubic,9.404,9.404,9.404,90.00,90.00,90.00
2,0,0,0.0,0.40040040040040037
2,1,1,0.0,14.914914914914915
2,2,0,0.0,0.10010010010010009
2,2,2,0.0,100.0
1,2,3,0.0,0.40040040040040037
4,0,0,0.0,16.116116116116117
4,1,1,0.0,4.2042042042042045
0,2,4,0.0,1.3013013013013013
3,3,2,0.0,9.00900900900901
4,2,2,0.0,1.1011011011011012
4,3,1,0.0,8.408408408408409
5,2,1,0.0,3.303303303303303
4,4,0,0.0,38.33833833833834
4,3,3,0.0,1.8018018018018018
6,0,0,0.0,0.5005005005005005
6,1,1,0.0,4.604604604604605
6,2,0,0.0,1.001001001001001
5,4,1,0.0,3.8038038038038042
6,2,2,0.0,18.41841841841842
6,3,1,0.0,4.704704704704705
4,4,4,0.0,2.3023023023023024
3,4,5,0.0,1.3013013013013013
6,4,0,0.0,1.001001001001001
1,2,7,0.0,3.003003003003003
2,4,6,0.0,1.1011011011011012
6,5,1,0.0,1.1011011011011012
8,0,0,0.0,2.7027027027027026
8,1,1,0.0,2.2022022022022023
0,2,8,0.0,1.3013013013013013
3,5,6,0.0,1.3013013013013013
8,2,2,0.0,0.9009009009009009
1,3,8,0.0,1.8018018018018018
6,6,2,0.0,3.8038038038038042
2,5,7,0.0,0.10010010010010009
8,4,0,0.0,2.002002002002002
8,3,3,0.0,0.5005005005005005
8,4,2,0.0,0.7007007007007007
1,6,7,0.0,1.3013013013013013
6,6,4,0.0,0.20020020020020018
7,5,4,0.0,1.2012012012012012
3,6,7,0.0,1.7017017017017018
8,4,4,0.0,2.7027027027027026
3,5,8,0.0,1.4014014014014013
0,6,8,0.0,1.001001001001001
7,7,2,0.0,0.40040040040040037
8,6,2,0.0,2.3023023023023024
9,4,3,0.0,0.6006006006006006
10,2,2,0.0,2.2022022022022023
5,6,7,0.0,2.1021021021021022
8,5,5,0.0,1.4014014014014013
10,4,0,0.0,1.8018018018018018
9,6,1,0.0,1.3013013013013013
2,4,10,0.0,1.5015015015015014
8,7,3,0.0,1.2012012012012012
1,2,11,0.0,1.4014014014014013
8,8,0,0.0,0.6006006006006006
10,4,4,0.0,0.7007007007007007
11,3,2,0.0,1.2012012012012012
10,6,0,0.0,0.5005005005005005
5,7,8,0.0,0.9009009009009009#
7,Li2 O_Pnam,Orthorhombic,4.456,5.212,2.786,90.00,90.00,90.00
1,0,1,0.0,1.001001001001001
0,0,2,0.0,8.80880880880881
0,1,1,0.0,36.53653653653654
1,0,2,0.0,48.94894894894895
2,0,0,0.0,100.0
1,1,1,0.0,86.68668668668668
2,0,1,0.0,6.306306306306306
1,1,2,0.0,8.008008008008009
2,1,0,0.0,12.312312312312311
2,0,2,0.0,10.41041041041041
2,1,1,0.0,38.23823823823824
1,0,3,0.0,2.1021021021021022
0,1,3,0.0,44.84484484484484
2,1,2,0.0,0.9009009009009009
3,0,1,0.0,1.5015015015015014
1,1,3,0.0,11.811811811811811
0,2,0,0.0,23.023023023023022
2,0,3,0.0,2.002002002002002
0,0,4,0.0,3.203203203203203
3,0,2,0.0,9.20920920920921
3,1,1,0.0,4.3043043043043046
1,0,4,0.0,1.8018018018018018
0,2,2,0.0,22.22222222222222
2,1,3,0.0,22.22222222222222
1,2,2,0.0,2.8028028028028027
2,2,0,0.0,9.60960960960961
3,1,2,0.0,3.1031031031031033
2,2,1,0.0,1.001001001001001
1,1,4,0.0,0.20020020020020018
3,0,3,0.0,0.40040040040040037
2,0,4,0.0,3.5035035035035036
4,0,0,0.0,0.9009009009009009
4,0,1,0.0,0.10010010010010009
2,2,2,0.0,2.2022022022022023
1,2,3,0.0,0.6006006006006006
3,1,3,0.0,0.10010010010010009
2,1,4,0.0,0.10010010010010009
4,1,0,0.0,0.10010010010010009
4,0,2,0.0,1.3013013013013013
1,0,5,0.0,5.905905905905906
4,1,1,0.0,5.905905905905906
3,2,1,0.0,0.5005005005005005
0,1,5,0.0,1.001001001001001
2,2,3,0.0,1.001001001001001
4,1,2,0.0,0.40040040040040037
1,1,5,0.0,1.001001001001001
0,2,4,0.0,1.4014014014014013
3,2,2,0.0,4.1041041041041035
2,0,5,0.0,0.20020020020020018
4,0,3,0.0,0.10010010010010009
1,2,4,0.0,0.9009009009009009
3,1,4,0.0,0.10010010010010009
0,3,1,0.0,0.3003003003003003
1,3,1,0.0,1.1011011011011012
2,1,5,0.0,0.3003003003003003
4,1,3,0.0,2.3023023023023024
5,0,1,0.0,0.7007007007007007
3,2,3,0.0,0.3003003003003003
2,2,4,0.0,2.5025025025025025
4,2,0,0.0,0.7007007007007007
0,0,6,0.0,0.8008008008008007
1,3,2,0.0,0.40040040040040037
4,2,1,0.0,0.40040040040040037
2,3,0,0.0,0.6006006006006006
1,0,6,0.0,1.7017017017017018
4,0,4,0.0,1.4014014014014013
2,3,1,0.0,1.9019019019019021
5,0,2,0.0,1.9019019019019021
5,1,1,0.0,1.8018018018018018
4,2,2,0.0,1.3013013013013013
1,2,5,0.0,0.6006006006006006
0,3,3,0.0,3.5035035035035036
3,1,5,0.0,4.2042042042042045
2,0,6,0.0,1.7017017017017018
5,1,2,0.0,0.20020020020020018
1,3,3,0.0,1.2012012012012012
3,2,4,0.0,0.10010010010010009#
8,Li2 O_R-3m,Rhombohedral,3.624,3.624,7.970,90.00,90.00,120.00
1,0,1,0.0,100.0
0,0,3,0.0,24.124124124124123
0,1,2,0.0,8.108108108108109
1,1,0,0.0,42.54254254254254
1,0,4,0.0,30.73073073073073
0,2,1,0.0,6.606606606606606
1,1,3,0.0,11.31131131131131
2,0,2,0.0,0.20020020020020018
0,1,5,0.0,4.3043043043043046
0,0,6,0.0,0.10010010010010009
0,2,4,0.0,6.606606606606606
2,1,1,0.0,3.1031031031031033
1,2,2,0.0,0.10010010010010009
2,0,5,0.0,1.2012012012012012
1,0,7,0.0,0.9009009009009009
3,0,0,0.0,2.902902902902903
2,1,4,0.0,5.205205205205205
0,3,3,0.0,1.2012012012012012
1,2,5,0.0,1.2012012012012012
0,1,8,0.0,2.002002002002002
0,2,7,0.0,0.5005005005005005
2,2,0,0.0,1.7017017017017018
0,0,9,0.0,0.20020020020020018
1,3,1,0.0,0.9009009009009009
2,2,3,0.0,0.8008008008008007
3,1,2,0.0,0.10010010010010009
2,0,8,0.0,1.4014014014014013
2,1,7,0.0,0.8008008008008007
3,0,6,0.0,0.8008008008008007
1,3,4,0.0,2.5025025025025025#
9,Al Fe2 O4_Fd-3m,Cubic,8.273,8.273,8.273,90.00,90.00,90.00
1,1,1,0.0,72.57257257257257
2,2,0,0.0,12.612612612612612
3,1,1,0.0,100.0
2,2,2,0.0,13.613613613613614
4,0,0,0.0,51.95195195195195
3,3,1,0.0,5.505505505505505
4,2,2,0.0,3.4034034034034035
5,1,1,0.0,31.33133133133133
4,4,0,0.0,43.54354354354354
5,3,1,0.0,6.306306306306306
4,4,2,0.0,0.10010010010010009
6,2,0,0.0,1.001001001001001
5,3,3,0.0,6.706706706706707
6,2,2,0.0,4.804804804804805
4,4,4,0.0,5.005005005005005
7,1,1,0.0,2.7027027027027026
6,4,2,0.0,1.3013013013013013
7,3,1,0.0,8.708708708708707
8,0,0,0.0,4.004004004004004
7,3,3,0.0,0.20020020020020018
6,4,4,0.0,0.10010010010010009
8,2,2,0.0,0.6006006006006006
7,5,1,0.0,5.005005005005005
6,6,2,0.0,1.8018018018018018
8,4,0,0.0,4.604604604604605
9,1,1,0.0,1.3013013013013013
8,4,2,0.0,0.10010010010010009
6,6,4,0.0,0.20020020020020018
9,3,1,0.0,3.903903903903904
8,4,4,0.0,8.008008008008009
9,3,3,0.0,0.9009009009009009
8,6,2,0.0,0.6006006006006006
9,5,1,0.0,4.904904904904905#
10,Fe2 O3_Bba2,Orthorhombic,4.702,6.524,4.603,90.00,90.00,90.00
2,0,0,0.0,8.208208208208207
1,1,1,0.0,19.71971971971972
0,2,0,0.0,26.626626626626624
2,1,1,0.0,100.0
0,0,2,0.0,29.02902902902903
1,2,0,0.0,0.5005005005005005
2,2,0,0.0,0.10010010010010009
2,0,2,0.0,0.3003003003003003
3,1,1,0.0,7.4074074074074066
0,2,2,0.0,17.31731731731732
4,0,0,0.0,9.70970970970971
1,2,2,0.0,6.006006006006006
3,2,0,0.0,6.006006006006006
2,2,2,0.0,2.002002002002002
4,1,1,0.0,4.2042042042042045
1,3,1,0.0,10.01001001001001
1,1,3,0.0,0.9009009009009009
2,3,1,0.0,7.907907907907907
4,2,0,0.0,6.806806806806807
2,1,3,0.0,19.71971971971972
4,0,2,0.0,19.71971971971972
3,2,2,0.0,2.5025025025025025
3,3,1,0.0,1.8018018018018018
5,1,1,0.0,0.8008008008008007
0,4,0,0.0,0.20020020020020018
4,2,2,0.0,2.8028028028028027
0,0,4,0.0,1.001001001001001
5,2,0,0.0,0.10010010010010009
2,4,0,0.0,0.20020020020020018
4,3,1,0.0,0.3003003003003003
4,1,3,0.0,0.3003003003003003
6,0,0,0.0,0.3003003003003003
2,0,4,0.0,0.3003003003003003
1,3,3,0.0,0.40040040040040037
0,4,2,0.0,0.5005005005005005
2,3,3,0.0,1.2012012012012012
0,2,4,0.0,2.3023023023023024
1,4,2,0.0,2.3023023023023024
6,1,1,0.0,1.7017017017017018
5,2,2,0.0,0.5005005005005005
1,2,4,0.0,0.9009009009009009
2,4,2,0.0,0.10010010010010009
6,2,0,0.0,0.40040040040040037
2,2,4,0.0,0.10010010010010009
6,0,2,0.0,0.8008008008008007
3,3,3,0.0,1.1011011011011012
5,3,1,0.0,1.1011011011011012
5,1,3,0.0,0.10010010010010009
4,4,0,0.0,0.10010010010010009
3,4,2,0.0,1.2012012012012012
4,0,4,0.0,0.3003003003003003
3,2,4,0.0,0.6006006006006006
1,5,1,0.0,0.9009009009009009
4,3,3,0.0,0.20020020020020018
6,2,2,0.0,0.3003003003003003
7,1,1,0.0,0.10010010010010009
1,1,5,0.0,0.10010010010010009
2,5,1,0.0,0.6006006006006006
4,4,2,0.0,0.8008008008008007
6,3,1,0.0,0.7007007007007007
4,2,4,0.0,1.1011011011011012
5,4,0,0.0,1.1011011011011012
6,1,3,0.0,1.6016016016016015
2,1,5,0.0,1.7017017017017018
7,2,0,0.0,0.20020020020020018
3,5,1,0.0,0.3003003003003003
5,3,3,0.0,0.6006006006006006
3,1,5,0.0,0.10010010010010009
0,4,4,0.0,0.5005005005005005
5,4,2,0.0,0.3003003003003003
1,4,4,0.0,0.7007007007007007
8,0,0,0.0,0.7007007007007007
7,2,2,0.0,0.3003003003003003
5,2,4,0.0,0.40040040040040037
4,5,1,0.0,0.10010010010010009
6,4,0,0.0,0.10010010010010009#
11,Li Al5 O8_P4332,Cubic,7.903,7.903,7.903,90.00,90.00,90.00
1,1,0,0.0,14.414414414414415
1,1,1,0.0,5.305305305305305
2,1,0,0.0,15.115115115115115
2,1,1,0.0,10.71071071071071
2,2,0,0.0,38.33833833833834
2,2,1,0.0,0.5005005005005005
3,1,0,0.0,1.9019019019019021
3,1,1,0.0,100.0
2,2,2,0.0,7.007007007007007
3,2,0,0.0,0.7007007007007007
3,2,1,0.0,0.6006006006006006
4,0,0,0.0,46.44644644644645
4,1,0,0.0,0.3003003003003003
4,1,1,0.0,0.7007007007007007
3,3,1,0.0,0.20020020020020018
4,2,1,0.0,3.203203203203203
3,3,2,0.0,0.10010010010010009
4,2,2,0.0,11.31131131131131
4,3,0,0.0,0.3003003003003003
5,1,0,0.0,0.9009009009009009
5,1,1,0.0,30.930930930930934
5,2,0,0.0,2.002002002002002
5,2,1,0.0,3.1031031031031033
4,4,0,0.0,58.45845845845846
4,4,1,0.0,0.3003003003003003
5,3,0,0.0,0.5005005005005005
5,3,1,0.0,0.3003003003003003
4,4,2,0.0,0.10010010010010009
6,1,0,0.0,0.6006006006006006
6,1,1,0.0,1.001001001001001
6,2,0,0.0,3.8038038038038042
6,2,1,0.0,0.3003003003003003
5,4,1,0.0,0.40040040040040037
5,3,3,0.0,7.007007007007007
6,2,2,0.0,0.10010010010010009
5,4,2,0.0,1.1011011011011012
6,3,1,0.0,0.10010010010010009
4,4,4,0.0,3.8038038038038042
6,3,2,0.0,0.3003003003003003
5,4,3,0.0,0.3003003003003003
5,5,1,0.0,0.3003003003003003
6,4,1,0.0,0.3003003003003003
7,2,1,0.0,0.7007007007007007
6,4,2,0.0,3.6036036036036037
7,2,2,0.0,0.10010010010010009
7,3,0,0.0,0.10010010010010009
7,3,1,0.0,9.40940940940941
6,5,0,0.0,0.40040040040040037
6,5,1,0.0,0.7007007007007007
8,0,0,0.0,5.405405405405405
8,1,0,0.0,0.20020020020020018
7,4,1,0.0,0.20020020020020018
7,3,3,0.0,0.10010010010010009
8,2,0,0.0,0.10010010010010009
8,2,1,0.0,0.20020020020020018
6,5,3,0.0,0.20020020020020018
8,2,2,0.0,1.7017017017017018
6,6,1,0.0,0.20020020020020018
8,3,1,0.0,0.20020020020020018
7,5,1,0.0,5.605605605605605
6,6,2,0.0,0.10010010010010009
6,5,4,0.0,0.5005005005005005
7,5,2,0.0,0.10010010010010009
8,4,0,0.0,3.6036036036036037
7,4,4,0.0,0.20020020020020018
9,1,0,0.0,0.10010010010010009
9,1,1,0.0,0.10010010010010009
8,4,2,0.0,0.10010010010010009
9,2,0,0.0,0.20020020020020018
9,2,1,0.0,1.001001001001001
6,6,4,0.0,0.8008008008008007
8,4,3,0.0,0.3003003003003003
7,5,4,0.0,0.10010010010010009
9,3,1,0.0,4.504504504504505
8,5,2,0.0,0.3003003003003003
9,3,2,0.0,0.40040040040040037
8,4,4,0.0,11.911911911911911
6,6,5,0.0,0.10010010010010009
8,5,3,0.0,0.10010010010010009#
12,Li Fe O2_R-3m,Rhombohedral,2.975,2.975,14.821,90.00,90.00,120.00
0,0,3,0.0,86.98698698698699
1,0,1,0.0,27.927927927927925
0,0,6,0.0,6.906906906906906
0,1,2,0.0,17.417417417417415
1,0,4,0.0,100.0
0,1,5,0.0,7.5075075075075075
0,0,9,0.0,1.001001001001001
1,0,7,0.0,11.31131131131131
0,1,8,0.0,22.722722722722725
1,1,0,0.0,23.223223223223226
1,1,3,0.0,9.50950950950951
1,0,10,0.0,3.303303303303303
0,2,1,0.0,2.902902902902903
1,1,6,0.0,4.804804804804805
2,0,2,0.0,2.2022022022022023
0,0,12,0.0,2.7027027027027026
0,2,4,0.0,8.708708708708707
0,1,11,0.0,3.4034034034034035
2,0,5,0.0,1.2012012012012012
1,1,9,0.0,1.4014014014014013
0,2,7,0.0,2.002002002002002
2,0,8,0.0,4.3043043043043046
1,0,13,0.0,0.40040040040040037
0,0,15,0.0,0.6006006006006006
0,1,14,0.0,1.2012012012012012
0,2,10,0.0,2.002002002002002
2,1,1,0.0,2.002002002002002
1,2,2,0.0,1.7017017017017018
1,1,12,0.0,5.405405405405405
2,1,4,0.0,6.006006006006006
2,0,11,0.0,1.3013013013013013
1,2,5,0.0,1.1011011011011012
2,1,7,0.0,2.002002002002002
1,0,16,0.0,2.002002002002002
1,2,8,0.0,4.704704704704705
3,0,0,0.0,2.5025025025025025
0,2,13,0.0,0.3003003003003003
0,3,3,0.0,1.6016016016016015
0,1,17,0.0,0.3003003003003003
0,0,18,0.0,2.6026026026026026
1,1,15,0.0,2.6026026026026026
2,0,14,0.0,0.9009009009009009
2,1,10,0.0,1.5015015015015014
3,0,6,0.0,1.4014014014014013#
13,Fe2 O3_P,Monoclinic,12.970,10.210,8.440,90.00,95.33,90.00
2,0,0,0.0,4.0
-2,1,1,0.0,2.0
2,2,0,0.0,2.0
2,0,2,0.0,6.0
0,2,2,0.0,20.0
0,3,1,0.0,4.0
-4,1,1,0.0,35.0
0,0,3,0.0,1.0
4,2,0,0.0,100.0
-2,1,3,0.0,8.0
0,4,0,0.0,20.0
0,2,3,0.0,30.0
2,4,0,0.0,4.0
-4,3,1,0.0,6.0
-5,1,2,0.0,20.0
5,2,1,0.0,14.000000000000002
1,5,0,0.0,4.0
6,1,1,0.0,20.0
6,2,0,0.0,20.0
-4,4,1,0.0,12.0
-6,2,2,0.0,12.0
-6,3,1,0.0,2.0
7,2,0,0.0,25.0
3,5,2,0.0,25.0
-6,0,4,0.0,10.0
-1,6,2,0.0,10.0
5,0,4,0.0,10.0
-7,2,3,0.0,12.0
2,6,2,0.0,35.0
3,1,5,0.0,5.0
5,5,2,0.0,30.0
-8,3,2,0.0,10.0
-2,7,1,0.0,2.0
-9,2,1,0.0,80.0
2,7,2,0.0,4.0
-7,5,2,0.0,2.0
7,1,4,0.0,6.0
0,3,6,0.0,4.0
-10,0,2,0.0,2.0#
14,Al2 O_Fm-3m,Cubic,4.980,4.980,4.980,90.00,90.00,90.00
1,1,1,0.0,21.22122122122122
2,0,0,0.0,50.85085085085085
2,2,0,0.0,100.0
3,1,1,0.0,3.903903903903904
2,2,2,0.0,10.71071071071071
4,0,0,0.0,10.71071071071071
3,3,1,0.0,0.9009009009009009
4,2,0,0.0,10.91091091091091
4,2,2,0.0,17.31731731731732
5,1,1,0.0,0.5005005005005005
4,4,0,0.0,5.405405405405405
5,3,1,0.0,0.5005005005005005
4,4,2,0.0,5.105105105105105#
15,Fe1.70 Al0.30 O3_Pc21n,Orthorhombic,8.729,9.415,5.069,90.00,90.00,90.00
0,1,1,0.0,10.21021021021021
0,0,2,0.0,3.903903903903904
1,1,0,0.0,1.001001001001001
1,1,1,0.0,2.1021021021021022
1,2,0,0.0,2.5025025025025025
0,2,2,0.0,20.22022022022022
1,1,2,0.0,20.22022022022022
1,2,1,0.0,4.004004004004004
0,1,3,0.0,31.83183183183183
0,3,1,0.0,3.5035035035035036
1,2,2,0.0,100.0
1,1,3,0.0,13.213213213213212
2,0,0,0.0,15.015015015015015
1,3,0,0.0,6.806806806806807
2,0,1,0.0,12.412412412412413
1,3,1,0.0,25.025025025025027
2,1,0,0.0,25.025025025025027
0,0,4,0.0,5.205205205205205
2,1,1,0.0,5.205205205205205
1,2,3,0.0,7.707707707707708
2,0,2,0.0,6.906906906906906
1,3,2,0.0,14.314314314314313
0,4,0,0.0,3.303303303303303
2,1,2,0.0,11.811811811811811
0,3,3,0.0,0.7007007007007007
2,2,1,0.0,0.7007007007007007
0,2,4,0.0,0.40040040040040037
1,1,4,0.0,0.40040040040040037
1,4,0,0.0,3.1031031031031033
2,2,2,0.0,2.7027027027027026
0,4,2,0.0,5.205205205205205
2,0,3,0.0,5.305305305305305
1,3,3,0.0,9.40940940940941
2,1,3,0.0,6.506506506506507
1,2,4,0.0,1.3013013013013013
2,3,0,0.0,1.5015015015015014
2,3,1,0.0,0.5005005005005005
1,4,2,0.0,3.303303303303303
0,1,5,0.0,3.003003003003003
2,2,3,0.0,2.4024024024024024
2,3,2,0.0,0.10010010010010009
1,1,5,0.0,1.2012012012012012
2,0,4,0.0,10.41041041041041
1,3,4,0.0,7.5075075075075075
0,5,1,0.0,3.8038038038038042
2,1,4,0.0,0.7007007007007007
3,1,0,0.0,0.3003003003003003
2,4,0,0.0,1.9019019019019021
2,3,3,0.0,0.10010010010010009
3,1,1,0.0,0.10010010010010009
2,4,1,0.0,0.10010010010010009
1,5,1,0.0,0.10010010010010009
2,2,4,0.0,0.10010010010010009
0,4,4,0.0,0.9009009009009009
0,3,5,0.0,0.9009009009009009
3,2,0,0.0,0.10010010010010009
0,0,6,0.0,1.5015015015015014
3,1,2,0.0,4.3043043043043046
2,4,2,0.0,1.6016016016016015
3,2,1,0.0,1.8018018018018018
0,5,3,0.0,10.61061061061061
1,4,4,0.0,10.61061061061061
2,0,5,0.0,12.012012012012011
1,3,5,0.0,25.125125125125123
3,2,2,0.0,2.2022022022022023
2,1,5,0.0,0.6006006006006006
2,3,4,0.0,0.6006006006006006
0,2,6,0.0,0.40040040040040037
1,1,6,0.0,0.40040040040040037
1,5,3,0.0,17.61761761761762
3,3,0,0.0,17.61761761761762
0,6,0,0.0,7.007007007007007
3,3,1,0.0,1.2012012012012012
2,2,5,0.0,0.10010010010010009
2,5,1,0.0,1.6016016016016015
1,2,6,0.0,3.5035035035035036
3,2,3,0.0,7.5075075075075075
1,6,0,0.0,1.4014014014014013
3,3,2,0.0,0.20020020020020018
0,6,2,0.0,0.10010010010010009
1,6,1,0.0,0.20020020020020018
2,5,2,0.0,6.706706706706707
3,1,4,0.0,0.10010010010010009
2,4,4,0.0,0.3003003003003003
1,6,2,0.0,0.5005005005005005
2,3,5,0.0,0.5005005005005005
2,0,6,0.0,1.001001001001001
1,3,6,0.0,1.3013013013013013
0,1,7,0.0,1.5015015015015014
3,3,3,0.0,0.10010010010010009
3,4,1,0.0,0.20020020020020018
2,1,6,0.0,0.40040040040040037
2,5,3,0.0,3.6036036036036037
1,1,7,0.0,2.4024024024024024
3,4,2,0.0,2.4024024024024024
0,5,5,0.0,0.20020020020020018
2,2,6,0.0,0.10010010010010009
0,4,6,0.0,0.10010010010010009
2,6,0,0.0,1.001001001001001
4,0,1,0.0,1.4014014014014013
4,1,0,0.0,0.5005005005005005
2,6,1,0.0,0.6006006006006006
1,2,7,0.0,1.001001001001001
3,1,5,0.0,1.001001001001001
1,5,5,0.0,1.4014014014014013
3,3,4,0.0,1.4014014014014013
0,6,4,0.0,0.3003003003003003
0,7,1,0.0,0.3003003003003003
1,4,6,0.0,0.3003003003003003
3,4,3,0.0,0.40040040040040037
2,5,4,0.0,0.40040040040040037
4,0,2,0.0,0.40040040040040037
2,6,2,0.0,0.5005005005005005
1,7,0,0.0,2.3023023023023024
4,1,2,0.0,2.3023023023023024
3,2,5,0.0,0.40040040040040037
4,2,1,0.0,0.20020020020020018
1,6,4,0.0,0.8008008008008007
1,7,1,0.0,0.7007007007007007
1,3,7,0.0,0.10010010010010009
2,0,7,0.0,0.10010010010010009
0,0,8,0.0,1.9019019019019021
2,1,7,0.0,1.9019019019019021
3,5,2,0.0,0.7007007007007007
4,0,3,0.0,0.7007007007007007
1,7,2,0.0,0.10010010010010009
2,6,3,0.0,0.40040040040040037
3,4,4,0.0,0.20020020020020018
4,3,0,0.0,0.20020020020020018
0,7,3,0.0,0.10010010010010009
3,3,5,0.0,0.6006006006006006
2,2,7,0.0,0.5005005005005005
2,5,5,0.0,0.10010010010010009
3,1,6,0.0,0.20020020020020018
0,2,8,0.0,0.20020020020020018
1,1,8,0.0,0.20020020020020018
4,2,3,0.0,0.3003003003003003
3,5,3,0.0,0.10010010010010009
1,7,3,0.0,0.10010010010010009
1,6,5,0.0,0.3003003003003003
2,7,0,0.0,0.10010010010010009
1,4,7,0.0,0.10010010010010009
4,0,4,0.0,0.10010010010010009
2,6,4,0.0,1.5015015015015014
2,7,1,0.0,1.5015015015015014
1,2,8,0.0,1.2012012012012012
3,6,0,0.0,0.10010010010010009
2,3,7,0.0,0.10010010010010009
3,6,1,0.0,0.40040040040040037
4,4,0,0.0,0.40040040040040037
3,4,5,0.0,0.7007007007007007
4,3,3,0.0,0.7007007007007007
4,2,4,0.0,0.10010010010010009
3,5,4,0.0,0.10010010010010009
1,7,4,0.0,0.10010010010010009
3,6,2,0.0,0.10010010010010009
3,3,6,0.0,0.7007007007007007
0,5,7,0.0,1.8018018018018018
0,8,2,0.0,0.10010010010010009
2,1,8,0.0,1.2012012012012012
2,5,6,0.0,1.2012012012012012
4,0,5,0.0,2.8028028028028027
2,6,5,0.0,1.8018018018018018
1,5,7,0.0,0.6006006006006006
2,4,7,0.0,0.6006006006006006
0,7,5,0.0,3.303303303303303
1,8,2,0.0,3.303303303303303
2,2,8,0.0,0.10010010010010009
0,4,8,0.0,0.20020020020020018
4,4,3,0.0,0.3003003003003003
3,2,7,0.0,1.7017017017017018
1,7,5,0.0,1.2012012012012012
1,4,8,0.0,0.10010010010010009
1,8,3,0.0,0.40040040040040037
2,7,4,0.0,0.40040040040040037
5,1,0,0.0,0.10010010010010009
3,7,0,0.0,0.8008008008008007
4,5,2,0.0,3.003003003003003
5,1,1,0.0,3.003003003003003
1,2,9,0.0,0.10010010010010009
3,7,1,0.0,0.10010010010010009
4,4,4,0.0,0.10010010010010009
0,8,4,0.0,0.10010010010010009
3,3,7,0.0,0.10010010010010009
4,3,5,0.0,0.10010010010010009
4,0,6,0.0,0.20020020020020018
0,3,9,0.0,0.40040040040040037
5,1,2,0.0,0.40040040040040037
2,5,7,0.0,1.7017017017017018
5,2,1,0.0,1.7017017017017018
2,8,2,0.0,0.3003003003003003
4,1,6,0.0,0.3003003003003003
4,5,3,0.0,0.10010010010010009
1,8,4,0.0,0.20020020020020018
1,3,9,0.0,1.7017017017017018
5,2,2,0.0,1.7017017017017018
0,9,1,0.0,0.20020020020020018
2,1,9,0.0,0.3003003003003003
4,2,6,0.0,0.3003003003003003#
16,Al2 O3_P2/c,Monoclinic,6.472,4.438,4.600,90.00,90.00,90.00
1,0,0,0.0,0.10010010010010009
0,1,0,0.0,0.10010010010010009
1,1,0,0.0,0.40040040040040037
2,0,0,0.0,10.31031031031031
1,1,1,0.0,18.51851851851852
-1,1,1,0.0,18.51851851851852
2,1,0,0.0,0.10010010010010009
0,0,2,0.0,31.83183183183183
2,1,1,0.0,100.0
-2,1,1,0.0,100.0
0,2,0,0.0,20.62062062062062
1,0,2,0.0,2.4024024024024024
-1,0,2,0.0,2.4024024024024024
0,2,1,0.0,17.417417417417415
1,1,2,0.0,13.313313313313312
-1,1,2,0.0,13.313313313313312
3,1,0,0.0,28.02802802802803
1,2,1,0.0,16.416416416416414
-1,2,1,0.0,16.416416416416414
2,0,2,0.0,1.8018018018018018
-2,0,2,0.0,1.8018018018018018
3,1,1,0.0,15.115115115115115
-3,1,1,0.0,15.115115115115115
2,1,2,0.0,11.31131131131131
-2,1,2,0.0,11.31131131131131
2,2,1,0.0,0.3003003003003003
-2,2,1,0.0,0.3003003003003003
4,0,0,0.0,17.917917917917915
0,2,2,0.0,32.33233233233233
3,0,2,0.0,2.3023023023023024
-3,0,2,0.0,2.3023023023023024
1,2,2,0.0,7.707707707707708
-1,2,2,0.0,7.707707707707708
3,1,2,0.0,0.8008008008008007
-3,1,2,0.0,0.8008008008008007
3,2,1,0.0,0.6006006006006006
-3,2,1,0.0,0.6006006006006006
4,1,1,0.0,8.708708708708707
-4,1,1,0.0,8.708708708708707
2,2,2,0.0,4.2042042042042045
-2,2,2,0.0,4.2042042042042045
1,1,3,0.0,18.91891891891892
-1,1,3,0.0,18.91891891891892
1,3,1,0.0,1.8018018018018018
-1,3,1,0.0,1.8018018018018018
2,1,3,0.0,30.23023023023023
-2,1,3,0.0,30.23023023023023
4,2,0,0.0,13.613613613613614
2,3,1,0.0,37.23723723723724
-2,3,1,0.0,37.23723723723724
3,2,2,0.0,4.2042042042042045
-3,2,2,0.0,4.2042042042042045
4,1,2,0.0,1.1011011011011012
-4,1,2,0.0,1.1011011011011012
0,2,3,0.0,0.6006006006006006
4,2,1,0.0,0.10010010010010009
-4,2,1,0.0,0.10010010010010009
5,1,0,0.0,0.20020020020020018
1,2,3,0.0,0.20020020020020018
-1,2,3,0.0,0.20020020020020018
1,3,2,0.0,0.20020020020020018
-1,3,2,0.0,0.20020020020020018
3,1,3,0.0,4.504504504504505
-3,1,3,0.0,4.504504504504505
5,1,1,0.0,1.4014014014014013
-5,1,1,0.0,1.4014014014014013
3,3,1,0.0,1.4014014014014013
-3,3,1,0.0,1.4014014014014013
2,2,3,0.0,1.3013013013013013
-2,2,3,0.0,1.3013013013013013
2,3,2,0.0,0.5005005005005005
-2,3,2,0.0,0.5005005005005005
0,0,4,0.0,0.6006006006006006
4,2,2,0.0,5.805805805805806
-4,2,2,0.0,5.805805805805806
1,0,4,0.0,0.8008008008008007
-1,0,4,0.0,0.8008008008008007
5,0,2,0.0,0.40040040040040037
-5,0,2,0.0,0.40040040040040037
0,4,0,0.0,1.3013013013013013
1,1,4,0.0,1.5015015015015014
-1,1,4,0.0,1.5015015015015014
5,1,2,0.0,0.6006006006006006
-5,1,2,0.0,0.6006006006006006
5,2,1,0.0,1.2012012012012012
-5,2,1,0.0,1.2012012012012012
2,0,4,0.0,1.001001001001001
-2,0,4,0.0,1.001001001001001
4,1,3,0.0,0.5005005005005005
-4,1,3,0.0,0.5005005005005005
0,4,1,0.0,0.7007007007007007
-3,3,2,0.0,0.7007007007007007
1,4,1,0.0,0.10010010010010009
-1,4,1,0.0,0.10010010010010009
4,3,1,0.0,0.10010010010010009
-4,3,1,0.0,0.10010010010010009
2,1,4,0.0,0.3003003003003003
-2,1,4,0.0,0.3003003003003003
2,4,0,0.0,0.5005005005005005
6,1,1,0.0,5.105105105105105
-6,1,1,0.0,5.105105105105105
3,0,4,0.0,1.8018018018018018
-3,0,4,0.0,1.8018018018018018
2,3,3,0.0,3.203203203203203
-2,3,3,0.0,3.203203203203203
1,2,4,0.0,2.7027027027027026
-1,2,4,0.0,2.7027027027027026
5,2,2,0.0,0.6006006006006006
-5,2,2,0.0,0.6006006006006006
0,4,2,0.0,2.2022022022022023
4,2,3,0.0,1.1011011011011012
-4,2,3,0.0,1.1011011011011012
1,4,2,0.0,2.5025025025025025
-1,4,2,0.0,2.5025025025025025
6,0,2,0.0,1.001001001001001
-6,0,2,0.0,1.001001001001001
5,3,0,0.0,0.20020020020020018
-2,2,4,0.0,0.20020020020020018
6,2,0,0.0,1.7017017017017018
5,1,3,0.0,1.8018018018018018
-5,1,3,0.0,1.8018018018018018
3,3,3,0.0,0.40040040040040037
-3,3,3,0.0,0.40040040040040037
6,1,2,0.0,0.20020020020020018
-6,1,2,0.0,0.20020020020020018
6,2,1,0.0,0.8008008008008007
-6,2,1,0.0,0.8008008008008007
4,0,4,0.0,0.10010010010010009
-4,0,4,0.0,0.10010010010010009
3,2,4,0.0,3.003003003003003
-3,2,4,0.0,3.003003003003003
4,1,4,0.0,0.10010010010010009
-4,1,4,0.0,0.10010010010010009
4,4,0,0.0,1.2012012012012012
3,4,2,0.0,1.3013013013013013
-3,4,2,0.0,1.3013013013013013
5,2,3,0.0,0.10010010010010009
-5,2,3,0.0,0.10010010010010009
-4,4,1,0.0,0.10010010010010009
-5,3,2,0.0,0.10010010010010009
6,2,2,0.0,0.5005005005005005
-6,2,2,0.0,0.5005005005005005
1,1,5,0.0,2.1021021021021022
-1,1,5,0.0,2.1021021021021022
4,3,3,0.0,0.6006006006006006
-4,3,3,0.0,0.6006006006006006
7,1,1,0.0,0.10010010010010009
-7,1,1,0.0,0.10010010010010009
1,5,0,0.0,0.20020020020020018
2,3,4,0.0,0.10010010010010009
-2,3,4,0.0,0.10010010010010009
2,1,5,0.0,1.8018018018018018
-2,1,5,0.0,1.8018018018018018
6,1,3,0.0,2.6026026026026026
-6,1,3,0.0,2.6026026026026026
4,2,4,0.0,2.902902902902903
-4,2,4,0.0,2.902902902902903
5,0,4,0.0,0.10010010010010009
-5,0,4,0.0,0.10010010010010009
7,0,2,0.0,1.1011011011011012
-7,0,2,0.0,1.1011011011011012
6,3,1,0.0,4.704704704704705
-6,3,1,0.0,4.704704704704705
4,4,2,0.0,3.003003003003003
-4,4,2,0.0,3.003003003003003
5,1,4,0.0,0.3003003003003003
-5,1,4,0.0,0.3003003003003003
2,5,1,0.0,4.804804804804805
-2,5,1,0.0,4.804804804804805
7,2,1,0.0,0.10010010010010009
-7,2,1,0.0,0.10010010010010009
3,3,4,0.0,0.3003003003003003
-3,3,4,0.0,0.3003003003003003
3,1,5,0.0,1.2012012012012012
-3,1,5,0.0,1.2012012012012012
0,5,2,0.0,0.10010010010010009
5,4,1,0.0,0.10010010010010009
5,3,3,0.0,3.1031031031031033
-5,3,3,0.0,3.1031031031031033
3,5,0,0.0,0.6006006006006006
6,2,3,0.0,0.20020020020020018
-6,2,3,0.0,0.20020020020020018
6,3,2,0.0,0.10010010010010009
-6,3,2,0.0,0.10010010010010009
8,0,0,0.0,1.2012012012012012
3,5,1,0.0,0.40040040040040037
-3,5,1,0.0,0.40040040040040037
2,5,2,0.0,0.5005005005005005
-2,5,2,0.0,0.5005005005005005
5,2,4,0.0,0.6006006006006006
-5,2,4,0.0,0.6006006006006006
7,2,2,0.0,0.7007007007007007
-7,2,2,0.0,0.7007007007007007
0,4,4,0.0,1.8018018018018018#
17,Fe2.67 O4_P4332,Cubic,8.336,8.336,8.336,90.00,90.00,90.00
1,1,0,0.0,5.005005005005005
1,1,1,0.0,2.6026026026026026
2,1,0,0.0,6.006006006006006
2,1,1,0.0,5.305305305305305
2,2,0,0.0,35.83583583583583
2,2,1,0.0,1.2012012012012012
3,1,0,0.0,2.5025025025025025
3,1,1,0.0,100.0
2,2,2,0.0,3.5035035035035036
3,2,0,0.0,1.6016016016016015
3,2,1,0.0,0.7007007007007007
4,0,0,0.0,17.417417417417415
4,1,0,0.0,0.20020020020020018
3,3,0,0.0,0.40040040040040037
3,3,1,0.0,0.10010010010010009
4,2,1,0.0,1.8018018018018018
3,3,2,0.0,0.10010010010010009
4,2,2,0.0,10.31031031031031
4,3,0,0.0,0.40040040040040037
4,3,1,0.0,0.5005005005005005
5,1,1,0.0,25.925925925925924
5,2,0,0.0,0.9009009009009009
5,2,1,0.0,1.6016016016016015
4,4,0,0.0,35.03503503503504
4,4,1,0.0,0.40040040040040037
5,3,0,0.0,0.7007007007007007
5,3,1,0.0,0.20020020020020018
4,4,2,0.0,0.10010010010010009
6,1,0,0.0,0.40040040040040037
6,1,1,0.0,0.6006006006006006
6,2,0,0.0,3.203203203203203
6,2,1,0.0,0.40040040040040037
5,4,1,0.0,0.10010010010010009
5,3,3,0.0,6.106106106106106
6,2,2,0.0,1.4014014014014013
5,4,2,0.0,0.3003003003003003
6,3,1,0.0,0.10010010010010009
4,4,4,0.0,1.6016016016016015
6,3,2,0.0,0.3003003003003003
7,1,0,0.0,0.10010010010010009
5,5,1,0.0,0.10010010010010009
7,2,0,0.0,0.10010010010010009
5,5,2,0.0,0.3003003003003003
6,4,2,0.0,2.8028028028028027
7,2,2,0.0,0.10010010010010009
7,3,0,0.0,0.3003003003003003
7,3,1,0.0,8.008008008008009
6,4,3,0.0,0.20020020020020018
6,5,1,0.0,0.3003003003003003
8,0,0,0.0,3.1031031031031033
6,5,2,0.0,0.40040040040040037
7,4,1,0.0,0.3003003003003003
7,3,3,0.0,0.10010010010010009
8,2,0,0.0,0.10010010010010009
8,2,1,0.0,0.20020020020020018
6,5,3,0.0,0.10010010010010009
8,2,2,0.0,1.2012012012012012
6,6,1,0.0,0.20020020020020018
7,5,0,0.0,0.20020020020020018
7,5,1,0.0,4.1041041041041035
6,6,2,0.0,0.5005005005005005
6,5,4,0.0,0.20020020020020018
7,5,2,0.0,0.10010010010010009
8,4,0,0.0,1.4014014014014013
7,4,4,0.0,0.10010010010010009
8,3,3,0.0,0.10010010010010009
9,1,1,0.0,0.10010010010010009
8,4,2,0.0,0.10010010010010009
7,6,0,0.0,0.10010010010010009
9,2,1,0.0,0.40040040040040037
6,6,4,0.0,0.6006006006006006
8,4,3,0.0,0.3003003003003003
7,5,4,0.0,0.10010010010010009
9,3,1,0.0,2.902902902902903
8,5,2,0.0,0.10010010010010009
9,3,2,0.0,0.20020020020020018
8,4,4,0.0,6.206206206206207
9,4,0,0.0,0.10010010010010009
9,4,1,0.0,0.10010010010010009
9,3,3,0.0,0.10010010010010009
8,6,1,0.0,0.20020020020020018
7,7,2,0.0,0.10010010010010009
8,6,2,0.0,1.5015015015015014
10,2,1,0.0,0.40040040040040037
9,5,0,0.0,0.10010010010010009
9,5,1,0.0,3.303303303303303
10,2,2,0.0,0.5005005005005005
10,3,0,0.0,0.10010010010010009#
